Timestamp,Agent ID,Event
2025-02-21 17:10:42,0,Transaction 0 created from Account 4 to Account 2 for 43
2025-02-21 17:10:42,1,Transaction 1 created from Account 0 to Account 1 for 158
2025-02-21 17:10:42,2,Transaction 2 created from Account 0 to Account 3 for 238
2025-02-21 17:10:42,3,Transaction 3 created from Account 2 to Account 3 for 140
2025-02-21 17:10:42,4,Transaction 4 created from Account 1 to Account 2 for 57
2025-02-21 17:10:42,5,Transaction 5 created from Account 1 to Account 0 for 136
2025-02-21 17:10:42,6,Transaction 6 created from Account 2 to Account 4 for 118
2025-02-21 17:10:42,7,Transaction 7 created from Account 4 to Account 1 for 132
2025-02-21 17:10:42,8,Transaction 8 created from Account 1 to Account 0 for 77
2025-02-21 17:10:42,9,Transaction 9 created from Account 2 to Account 0 for 55
2025-02-21 17:10:42,10,Transaction 10 created from Account 4 to Account 1 for 126
2025-02-21 17:10:42,11,Transaction 11 created from Account 2 to Account 4 for 94
2025-02-21 17:10:42,12,Transaction 12 created from Account 0 to Account 2 for 158
2025-02-21 17:10:42,13,Transaction 13 created from Account 1 to Account 0 for 71
2025-02-21 17:10:42,14,Transaction 14 created from Account 1 to Account 4 for 36
2025-02-21 17:10:42,15,Transaction 15 created from Account 4 to Account 3 for 107
2025-02-21 17:10:42,16,Transaction 16 created from Account 4 to Account 1 for 137
2025-02-21 17:10:42,17,Transaction 17 created from Account 4 to Account 3 for 30
2025-02-21 17:10:42,18,Transaction 18 created from Account 4 to Account 3 for 106
2025-02-21 17:10:42,19,Transaction 19 created from Account 3 to Account 4 for 55
2025-02-21 17:10:42,13,Transaction 13 executing step
2025-02-21 17:10:42,13,Transaction 13 validated
2025-02-21 17:10:42,13,Transaction 13 attempting to find a match
2025-02-21 17:10:42,13,Transaction 13 matched with buyer buyer_13 and seller seller_13
2025-02-21 17:10:42,13,Transaction 13 attempting to settle
2025-02-21 17:10:42,13,ERROR: Transaction 13 failed to settle
2025-02-21 17:10:42,6,Transaction 6 executing step
2025-02-21 17:10:42,6,Transaction 6 validated
2025-02-21 17:10:42,6,Transaction 6 attempting to find a match
2025-02-21 17:10:42,6,Transaction 6 matched with buyer buyer_6 and seller seller_6
2025-02-21 17:10:42,6,Transaction 6 attempting to settle
2025-02-21 17:10:42,6,ERROR: Transaction 6 failed to settle
2025-02-21 17:10:42,5,Transaction 5 executing step
2025-02-21 17:10:42,5,Transaction 5 validated
2025-02-21 17:10:42,5,Transaction 5 attempting to find a match
2025-02-21 17:10:42,5,Transaction 5 matched with buyer buyer_5 and seller seller_5
2025-02-21 17:10:42,5,Transaction 5 attempting to settle
2025-02-21 17:10:42,5,ERROR: Transaction 5 failed to settle
2025-02-21 17:10:42,10,Transaction 10 executing step
2025-02-21 17:10:42,10,Transaction 10 validated
2025-02-21 17:10:42,10,Transaction 10 attempting to find a match
2025-02-21 17:10:42,10,Transaction 10 matched with buyer buyer_10 and seller seller_10
2025-02-21 17:10:42,10,Transaction 10 attempting to settle
2025-02-21 17:10:42,10,ERROR: Transaction 10 failed to settle
2025-02-21 17:10:42,1,Transaction 1 executing step
2025-02-21 17:10:42,1,Transaction 1 validated
2025-02-21 17:10:42,1,Transaction 1 attempting to find a match
2025-02-21 17:10:42,1,Transaction 1 matched with buyer buyer_1 and seller seller_1
2025-02-21 17:10:42,1,Transaction 1 attempting to settle
2025-02-21 17:10:42,1,ERROR: Transaction 1 failed to settle
2025-02-21 17:10:42,14,Transaction 14 executing step
2025-02-21 17:10:42,14,Transaction 14 validated
2025-02-21 17:10:42,14,Transaction 14 attempting to find a match
2025-02-21 17:10:42,14,Transaction 14 matched with buyer buyer_14 and seller seller_14
2025-02-21 17:10:42,14,Transaction 14 attempting to settle
2025-02-21 17:10:42,14,ERROR: Transaction 14 failed to settle
2025-02-21 17:10:42,2,Transaction 2 executing step
2025-02-21 17:10:42,2,Transaction 2 validated
2025-02-21 17:10:42,2,Transaction 2 attempting to find a match
2025-02-21 17:10:42,2,Transaction 2 matched with buyer buyer_2 and seller seller_2
2025-02-21 17:10:42,2,Transaction 2 attempting to settle
2025-02-21 17:10:42,2,ERROR: Transaction 2 failed to settle
2025-02-21 17:10:42,3,Transaction 3 executing step
2025-02-21 17:10:42,3,Transaction 3 validated
2025-02-21 17:10:42,3,Transaction 3 attempting to find a match
2025-02-21 17:10:42,3,Transaction 3 matched with buyer buyer_3 and seller seller_3
2025-02-21 17:10:42,3,Transaction 3 attempting to settle
2025-02-21 17:10:42,3,ERROR: Transaction 3 failed to settle
2025-02-21 17:10:42,19,Transaction 19 executing step
2025-02-21 17:10:42,19,Transaction 19 validated
2025-02-21 17:10:42,19,Transaction 19 attempting to find a match
2025-02-21 17:10:42,19,Transaction 19 matched with buyer buyer_19 and seller seller_19
2025-02-21 17:10:42,19,Transaction 19 attempting to settle
2025-02-21 17:10:42,19,ERROR: Transaction 19 failed to settle
2025-02-21 17:10:42,18,Transaction 18 executing step
2025-02-21 17:10:42,18,Transaction 18 validated
2025-02-21 17:10:42,18,Transaction 18 attempting to find a match
2025-02-21 17:10:42,18,Transaction 18 matched with buyer buyer_18 and seller seller_18
2025-02-21 17:10:42,18,Transaction 18 attempting to settle
2025-02-21 17:10:42,18,ERROR: Transaction 18 failed to settle
2025-02-21 17:10:42,9,Transaction 9 executing step
2025-02-21 17:10:42,9,Transaction 9 validated
2025-02-21 17:10:42,9,Transaction 9 attempting to find a match
2025-02-21 17:10:42,9,Transaction 9 matched with buyer buyer_9 and seller seller_9
2025-02-21 17:10:42,9,Transaction 9 attempting to settle
2025-02-21 17:10:42,9,ERROR: Transaction 9 failed to settle
2025-02-21 17:10:42,7,Transaction 7 executing step
2025-02-21 17:10:42,7,Transaction 7 validated
2025-02-21 17:10:42,7,Transaction 7 attempting to find a match
2025-02-21 17:10:42,7,Transaction 7 matched with buyer buyer_7 and seller seller_7
2025-02-21 17:10:42,7,Transaction 7 attempting to settle
2025-02-21 17:10:42,7,ERROR: Transaction 7 failed to settle
2025-02-21 17:10:42,4,Transaction 4 executing step
2025-02-21 17:10:42,4,Transaction 4 validated
2025-02-21 17:10:42,4,Transaction 4 attempting to find a match
2025-02-21 17:10:42,4,Transaction 4 matched with buyer buyer_4 and seller seller_4
2025-02-21 17:10:42,4,Transaction 4 attempting to settle
2025-02-21 17:10:42,4,ERROR: Transaction 4 failed to settle
2025-02-21 17:10:42,12,Transaction 12 executing step
2025-02-21 17:10:42,12,Transaction 12 validated
2025-02-21 17:10:42,12,Transaction 12 attempting to find a match
2025-02-21 17:10:42,12,Transaction 12 matched with buyer buyer_12 and seller seller_12
2025-02-21 17:10:42,12,Transaction 12 attempting to settle
2025-02-21 17:10:42,12,ERROR: Transaction 12 failed to settle
2025-02-21 17:10:42,17,Transaction 17 executing step
2025-02-21 17:10:42,17,Transaction 17 validated
2025-02-21 17:10:42,17,Transaction 17 attempting to find a match
2025-02-21 17:10:42,17,Transaction 17 matched with buyer buyer_17 and seller seller_17
2025-02-21 17:10:42,17,Transaction 17 attempting to settle
2025-02-21 17:10:42,17,ERROR: Transaction 17 failed to settle
2025-02-21 17:10:42,11,Transaction 11 executing step
2025-02-21 17:10:42,11,Transaction 11 validated
2025-02-21 17:10:42,11,Transaction 11 attempting to find a match
2025-02-21 17:10:42,11,Transaction 11 matched with buyer buyer_11 and seller seller_11
2025-02-21 17:10:42,11,Transaction 11 attempting to settle
2025-02-21 17:10:42,11,ERROR: Transaction 11 failed to settle
2025-02-21 17:10:42,15,Transaction 15 executing step
2025-02-21 17:10:42,15,Transaction 15 validated
2025-02-21 17:10:42,15,Transaction 15 attempting to find a match
2025-02-21 17:10:42,15,Transaction 15 matched with buyer buyer_15 and seller seller_15
2025-02-21 17:10:42,15,Transaction 15 attempting to settle
2025-02-21 17:10:42,15,ERROR: Transaction 15 failed to settle
2025-02-21 17:10:42,8,Transaction 8 executing step
2025-02-21 17:10:42,8,Transaction 8 validated
2025-02-21 17:10:42,8,Transaction 8 attempting to find a match
2025-02-21 17:10:42,8,Transaction 8 matched with buyer buyer_8 and seller seller_8
2025-02-21 17:10:42,8,Transaction 8 attempting to settle
2025-02-21 17:10:42,8,ERROR: Transaction 8 failed to settle
2025-02-21 17:10:42,16,Transaction 16 executing step
2025-02-21 17:10:42,16,Transaction 16 validated
2025-02-21 17:10:42,16,Transaction 16 attempting to find a match
2025-02-21 17:10:42,16,Transaction 16 matched with buyer buyer_16 and seller seller_16
2025-02-21 17:10:42,16,Transaction 16 attempting to settle
2025-02-21 17:10:42,16,ERROR: Transaction 16 failed to settle
2025-02-21 17:10:42,0,Transaction 0 executing step
2025-02-21 17:10:42,0,Transaction 0 validated
2025-02-21 17:10:42,0,Transaction 0 attempting to find a match
2025-02-21 17:10:42,0,Transaction 0 matched with buyer buyer_0 and seller seller_0
2025-02-21 17:10:42,0,Transaction 0 attempting to settle
2025-02-21 17:10:42,0,ERROR: Transaction 0 failed to settle
